"year","title","journal","doi_or_url","study_type","cohort","modality","methods","main finding","relevance_to_current_claim","novelty_status","limitations"
"2011","A meta-analysis of diffusion tensor imaging in mild cognitive impairment and Alzheimer's disease","Neurobiology of Aging","https://doi.org/10.1016/j.neurobiolaging.2010.05.019","systematic review and meta-analysis","41 case-control DTI studies","DTI","regional meta-analysis of FA and MD","AD showed widespread lower FA and higher MD; MCI effects were already present but less extensive","Any claim that FA or MD separates CN, MCI and AD must be framed as replication or refinement","established prior art","Substantial acquisition and analysis heterogeneity; mainly clinically defined groups"
"2012","New MRI Markers for Alzheimer's Disease: A Meta-Analysis of Diffusion Tensor Imaging and a Comparison with Medial Temporal Lobe Measurements","Journal of Alzheimer's Disease","https://doi.org/10.3233/JAD-2011-110797","systematic review and meta-analysis","55 DTI studies with 2791 participants; 76 medial temporal atrophy studies with 8122 participants","DTI and structural MRI","meta-analysis of diagnostic contrasts","DTI abnormalities were widespread and complementary to medial temporal atrophy","DTI-only differentiation is mature literature and not a novel premise","established prior art","Study-level heterogeneity and mostly cross-sectional clinical diagnosis"
"2014","Diffusion tensor imaging of white matter degeneration in Alzheimer's disease and mild cognitive impairment","Neuroscience","https://doi.org/10.1016/j.neuroscience.2014.02.017","narrative review","human AD and MCI literature","DTI","review of ROI, voxelwise and tract-based findings","Convergent damage involves limbic and late-myelinating association pathways but metric interpretation is nonspecific","Supports a multilevel story while warning against calling FA integrity","established prior art","Narrative rather than quantitative synthesis"
"2017","Graph Theory and Brain Connectivity in Alzheimer's Disease","The Neuroscientist","https://doi.org/10.1177/1073858417702621","narrative review","structural and functional connectome studies","multimodal MRI and PET","graph-theory review","AD is consistently framed as a network-disconnection disorder, with hub and efficiency abnormalities","Generic graph disruption is not novel","established prior art","Mixed modalities and heterogeneous graph construction"
"2020","Imaging Alzheimer's genetic risk using diffusion MRI: A systematic review","NeuroImage: Clinical","https://doi.org/10.1016/j.nicl.2020.102359","systematic review","human genetic-risk diffusion studies","dMRI","systematic synthesis of APOE and polygenic-risk studies","Genetic risk is associated with subtle, spatially heterogeneous diffusion differences before dementia","APOE or genetic moderation is already a substantial literature","established prior art","Small heterogeneous studies and inconsistent diffusion models"
"2020","Machine Learning for the Classification of Alzheimer's Disease and Its Prodromal Stage Using Brain Diffusion Tensor Imaging Data: A Systematic Review","Processes","https://doi.org/10.3390/pr8091071","systematic review","DTI machine-learning studies through 2020","DTI and multimodal MRI","review of feature engineering, classifiers and validation","Many high reported accuracies were based on small cohorts and heterogeneous validation","A classifier alone, even if accurate internally, is not a biological novelty claim","established prior art","Quality of included evidence varied; external validation uncommon"
"2021","The human connectome in Alzheimer disease — relationship to biomarkers and genetics","Nature Reviews Neurology","https://doi.org/10.1038/s41582-021-00529-1","state-of-the-art review","human multimodal connectome literature","dMRI, fMRI, PET and genetics","mechanistic review of hubs, pathology spread and biomarkers","Amyloid preferentially involves hubs and tau spread is constrained by connectivity; connectome models link pathology to progression","Pathology-connectome-cognition framing is established; novelty must be an exact conditional or longitudinal result","established prior art","Review integrates structural and functional evidence, not all subject-specific dMRI"
"2023","Abnormal white matter changes in Alzheimer's disease based on diffusion tensor imaging: A systematic review","Ageing Research Reviews","https://doi.org/10.1016/j.arr.2023.101911","systematic review","multilevel DTI studies across SCD, MCI and AD","DTI","voxelwise, tractwise, networkwise and classification synthesis","Corpus callosum, fornix, medial temporal lobe, hippocampus and cingulum recur across levels","Limbic involvement and stage gradients cannot be claimed as new","established prior art","Reported classification values inherit primary-study leakage and cohort limitations"
"2023","Topologically convergent and divergent large scale complex networks among Alzheimer's disease spectrum patients: A systematic review","Heliyon","https://doi.org/10.1016/j.heliyon.2023.e15389","systematic review","96 graph-theory studies","multimodal structural and functional networks","PRISMA-style synthesis","Convergent deficits center on the default-mode network, while modality-specific neighboring changes diverge","A broad DMN or topology claim is saturated","established prior art","Combines dMRI, morphometric covariance and functional networks; methods are not interchangeable"
"2023","Disentangling in-vivo microstructural changes of white and gray matter in mild cognitive impairment and Alzheimer's disease: a systematic review and meta-analysis","Brain Imaging and Behavior","https://doi.org/10.1007/s11682-023-00805-2","systematic review and meta-analysis","10 NODDI studies","NODDI and dMRI","meta-analysis of NDI, ODI and isotropic fraction","NODDI abnormalities recur in cingulum, uncinate, posterior thalamic radiation, superior longitudinal fasciculus and hippocampal regions","NODDI sensitivity is prior art; an exact network-level integration may still be testable","established prior art","Only ten heterogeneous studies; limited longitudinal evidence"
"2025","The whole-brain structural and functional connectome in Alzheimer's disease spectrum: A multimodal Bayesian meta-analysis of graph theoretical characteristics","Neuroscience & Biobehavioral Reviews","https://doi.org/10.1016/j.neubiorev.2025.106174","Bayesian meta-analysis","53 studies including 16 structural-network studies","dMRI and functional imaging","Bayesian meta-analysis of global graph metrics","AD showed lower structural integration and segregation; preclinical AD also showed reduced integration","Global efficiency, path length, clustering and local efficiency are no longer candidate novelty claims","established prior art","Only metrics reported often enough could be pooled; graph pipelines remained heterogeneous"
"2026","The Role of Magnetic Resonance Spectroscopy, Diffusion-Tensor-Imaging and Structural MRI in Alzheimer's Disease and Mild Cognitive Impairment Diagnosis: A Review","Journal of Magnetic Resonance Imaging","https://doi.org/10.1002/jmri.70296","narrative review","human MRI studies","MRS, DTI and structural MRI","multimodal review","DTI contributes complementary microstructural information but requires multimodal and longitudinal validation","Supports positioning diffusion as one layer rather than a standalone diagnostic truth","established prior art","Very recent review; not a quantitative absence test"
"2007","Diffusion tensor imaging of cingulum fibers in mild cognitive impairment and Alzheimer disease","Neurology","https://doi.org/10.1212/01.wnl.0000250326.77323.01","primary cross-sectional study","17 AD, 17 MCI, 18 controls","DTI and structural MRI","cingulum and corpus-callosum ROI analysis","Cingulum FA showed a CN to MCI to AD gradient; combining DTI with hippocampal volume improved discrimination","Direct prior art against a novel cingulum or limbic-FA claim","established prior art","Small sample and ROI selection; clinical rather than biomarker definition"
"2009","Regionally-specific diffusion tensor imaging in mild cognitive impairment and Alzheimer's disease","NeuroImage","https://doi.org/10.1016/j.neuroimage.2009.01.054","primary cross-sectional study","CN, MCI and AD clinical groups","DTI","regional FA and diffusivity analysis","Regional diffusion abnormalities differentiated MCI and AD and related to cognition","Regional DTI stage effects are established","established prior art","Cross-sectional and susceptible to partial volume"
"2010","Absolute diffusivities define the landscape of white matter degeneration in Alzheimer's disease","Brain","https://doi.org/10.1093/brain/awp257","primary cross-sectional study","early AD and controls","DTI","whole-brain TBSS of FA, MD, axial and radial diffusivity","Absolute diffusivities were more widespread than FA, especially in fornix, cingulum and temporoparietal pathways","Direct prior art for MD, RD and axial diffusivity being more sensitive than FA","established prior art","Tensor metrics remain biologically nonspecific and crossing-fiber sensitive"
"2010","Longitudinal changes in fiber tract integrity in healthy aging and mild cognitive impairment: a DTI follow-up study","Journal of Alzheimer's Disease","https://doi.org/10.3233/JAD-2010-100234","primary longitudinal study","healthy older adults and MCI","DTI","longitudinal tract analysis","MCI showed tract-specific longitudinal diffusion changes beyond healthy aging","Longitudinal DTI change is established","established prior art","Modest sample and older acquisition"
"2011","Diffusion tensor imaging and tract-based spatial statistics in Alzheimer's disease and mild cognitive impairment","Neurobiology of Aging","https://doi.org/10.1016/j.neurobiolaging.2009.10.006","primary cross-sectional study","17 AD, 27 MCI, 19 controls","DTI","TBSS","Widespread tract abnormalities were greatest in AD with MCI intermediate","A monotonic CN-MCI-AD diffusion gradient is not novel","established prior art","Small single-site cohort and cross-sectional inference"
"2011","DTI measures in crossing-fibre areas: increased diffusion anisotropy reveals early white matter alteration in MCI and mild Alzheimer's disease","NeuroImage","https://doi.org/10.1016/j.neuroimage.2010.12.008","primary cross-sectional study","MCI, mild AD and controls","DTI","crossing-fiber-aware interpretation of TBSS metrics","Some regions showed paradoxically increased FA because degeneration of one crossing population unmasks another","Critical warning that FA direction is not a simple integrity scale","novelty guardrail","Tensor model cannot resolve the underlying fiber populations directly"
"2012","The fornix sign: a potential sign for Alzheimer's disease based on diffusion tensor imaging","Journal of Alzheimer's Disease","https://pubmed.ncbi.nlm.nih.gov/21848679/","primary longitudinal prognostic study","23 AD, 24 aMCI, 25 controls with follow-up","DTI","visual and quantitative fornix FA sign","The fornix sign predicted CN-to-aMCI and aMCI-to-AD conversion in a small cohort","Direct prior art for fornix-based prognosis","established prior art","Small sample and optimistic single-cohort diagnostic estimates"
"2013","Longitudinal, region-specific course of diffusion tensor imaging measures in mild cognitive impairment and Alzheimer's disease","Alzheimer's & Dementia","https://doi.org/10.1016/j.jalz.2012.05.2186","primary longitudinal study","CN, MCI and AD","DTI","generalized estimating equations for regional FA and MD","Fornix and splenium differences were stable and some changes emerged during MCI","Regional longitudinal DTI trajectories are established","established prior art","Regional sampling and limited power for conversion subgroups"
"2013","Brain microstructure reveals early abnormalities more than two years prior to clinical progression from mild cognitive impairment to Alzheimer's disease","Journal of Neuroscience","https://doi.org/10.1523/JNEUROSCI.4437-12.2013","primary longitudinal prognostic study","MCI converters and non-converters","DTI","whole-brain microstructural comparison before conversion","Diffusion abnormalities preceded clinical conversion by more than two years","Preconversion diffusion signal is established prior art","established prior art","Clinical conversion endpoint and modest cohort"
"2015","Widespread white matter degeneration preceding the onset of dementia","Alzheimer's & Dementia","https://doi.org/10.1016/j.jalz.2014.04.518","primary longitudinal prognostic study","18 MCI, 15 AD, 15 controls; 36-month follow-up","free-water corrected DTI","TBSS with free-water elimination","Free-water-corrected radial diffusivity was widespread in MCI converters but not stable MCI","Direct prior art for conversion-sensitive advanced DTI","established prior art","Small cohort and no external validation"
"2017","White-matter integrity on DTI and the pathologic staging of Alzheimer's disease","Neurobiology of Aging","https://doi.org/10.1016/j.neurobiolaging.2017.04.024","primary clinicopathologic study","46 autopsy-staged participants","DTI and neuropathology","DTI associations with Braak and amyloid plaque stages","Limbic and medial parietal DTI abnormalities tracked tau stage and severity more than amyloid plaques","Strong prior art for limbic diffusion-tau linkage","established prior art","Antemortem-to-autopsy interval and selected autopsy cohort"
"2017","Dissociable diffusion MRI patterns of white matter microstructure and connectivity in Alzheimer's disease spectrum","Scientific Reports","https://doi.org/10.1038/srep45131","primary cross-sectional multimetric study","79 AD, 55 MCI, 30 subjective cognitive impairment","dMRI","linked independent-component analysis across FA, MD, RD, axial diffusivity, crossing-fiber and connectivity-density measures","Coordinated but dissociable microstructural and connectivity patterns followed disease severity","Direct prior art for integrating diffusion scalars with connectivity into one story","established prior art","Clinical groups, cross-sectional design and no external replication"
"2017","3D tract-specific local and global analysis of white matter integrity in Alzheimer's disease","Human Brain Mapping","https://doi.org/10.1002/hbm.23448","primary cross-sectional tract study","49 controls, 110 MCI, 41 AD","DTI","18-tract along-tract and global analysis","Tract-specific abnormalities showed a graded CN-MCI-AD pattern","Along-tract differentiation is established","established prior art","ADNI cohort reuse and tensor-model limitations"
"2017","Individual classification of Alzheimer's disease with diffusion magnetic resonance imaging","NeuroImage","https://doi.org/10.1016/j.neuroimage.2017.03.025","primary machine-learning study","77 AD, 173 controls","dMRI","ICA features, raw connectomes and graph measures with classification","FA independent components and raw connectomes achieved higher AUC than many summary graph metrics","Diffusion-connectome classification is not novel by itself","established prior art","AD versus control only; internal validation and cohort effects"
"2017","Distinct white matter microstructural abnormalities and extracellular water increases relate to cognitive impairment in Alzheimer's disease with and without cerebrovascular disease","Alzheimer's Research & Therapy","https://doi.org/10.1186/s13195-017-0292-4","primary cross-sectional differential-pathology study","AD with and without cerebrovascular disease, vascular dementia and controls","free-water dMRI","bi-tensor free-water and tissue-compartment analysis","Extracellular water and tissue changes differed across AD and vascular disease and related to cognition","Vascular and free-water confounding must be modeled before attributing effects to AD","established prior art","Cross-sectional clinical groups and indirect biological interpretation"
"2018","Fibre-specific white matter reductions in Alzheimer's disease and mild cognitive impairment","Brain","https://doi.org/10.1093/brain/awx355","primary cross-sectional fixel study","177 AIBL participants","multi-shell dMRI","fixel-based fiber density and cross-section","AD showed widespread fiber-specific loss; MCI effects were more focal and amyloid stratification complicated the pattern","Fixel analysis and posterior cingulum findings are established","established prior art","Cross-sectional and some MCI effects were driven by amyloid-negative cases"
"2019","Microstructural White Matter Alterations in Mild Cognitive Impairment and Alzheimer's Disease: Study Based on NODDI","Journal of Alzheimer's Disease","https://pubmed.ncbi.nlm.nih.gov/31175374/","primary cross-sectional study","14 MCI, 14 AD, 14 controls","NODDI and DTI","TBSS and ROC analysis","NDI, ODI and isotropic fraction detected MCI changes not seen with FA","NODDI sensitivity over FA is established","established prior art","Very small sample and no external validation"
"2019","Free Water in White Matter Differentiates MCI and AD From Control Subjects","Frontiers in Aging Neuroscience","https://pubmed.ncbi.nlm.nih.gov/31632265/","primary ADNI cross-sectional study","81 controls, 103 MCI, 42 AD","free-water dMRI and FLAIR","whole-white-matter safe-mask free-water analysis","MCI and AD had higher free water even after excluding WMH and partial-volume-prone regions","Free-water differentiation is established","established prior art","Cross-sectional ADNI analysis; free water is not a direct neuroinflammation assay"
"2019","White matter alterations in early-stage Alzheimer's disease: A tract-specific study","Alzheimer's & Dementia: Diagnosis, Assessment & Disease Monitoring","https://doi.org/10.1016/j.dadm.2019.06.003","primary cross-sectional multimetric study","early AD spectrum and controls","DTI, NODDI and q-space diffusion","tract-specific comparison of diffusion models","Different diffusion models captured complementary tract abnormalities in early disease","Multimetric tract analysis is established","established prior art","Exploratory feature set and limited sample"
"2021","Specific White Matter Tracts and Diffusion Properties Predict Conversion From Mild Cognitive Impairment to Alzheimer's Disease","Frontiers in Aging Neuroscience","https://doi.org/10.3389/fnagi.2021.711579","primary longitudinal machine-learning study","34 MCI converters, 53 stable MCI","DTI","tract features with support-vector machine","Axial diffusivity in right hippocampal cingulum, right IFOF and left ILF helped predict conversion; FA was near chance","Direct prior art for tract-level conversion prediction and axial diffusivity superiority","established prior art","Accuracy about 0.75, single cohort and no biomarker confirmation"
"2021","Comparative Evaluation of Diffusion Kurtosis Imaging and Diffusion Tensor Imaging in Detecting Cerebral Microstructural Changes in Alzheimer Disease","Academic Radiology","https://doi.org/10.1016/j.acra.2021.01.018","primary cross-sectional study","27 AD, 25 controls","DKI and DTI","whole-brain atlas comparison","Both DKI and DTI detected abnormalities; DKI changes were more spatially limited","DKI is not automatically more sensitive or specific than DTI","established prior art","Small binary cohort and no MCI group"
"2021","Diffusion models reveal white matter microstructural changes with ageing, pathology and cognition","Brain Communications","https://doi.org/10.1093/braincomms/fcab106","primary multimodel study","older adults spanning pathology and cognitive status","multi-shell dMRI","comparison of tensor and advanced diffusion models","Metrics showed spatially heterogeneous associations with age, pathology and cognition","Supports complementary rather than interchangeable diffusion metrics","established prior art","Observational associations and multiple models increase multiplicity"
"2022","Microstructural white matter alterations in Alzheimer's disease and amnestic mild cognitive impairment and its diagnostic value based on diffusion kurtosis imaging","Brain Imaging and Behavior","https://doi.org/10.1007/s11682-021-00474-z","primary cross-sectional study","45 AD, 42 aMCI, 35 controls","DKI and DTI","TBSS, cognition correlations and ROC analysis","Kurtosis FA was altered in aMCI and splenial KFA had strong diagnostic performance","DKI-based early differentiation is established","established prior art","Single site and no independent test cohort"
"2022","Greater Diffusion Restriction in White Matter in Preclinical Alzheimer Disease","Annals of Neurology","https://pubmed.ncbi.nlm.nih.gov/35285067/","primary biomarker-defined cross-sectional study","cognitively unimpaired amyloid-negative and amyloid-positive adults","DKI and amyloid PET","white-matter tract-integrity biophysical modeling","Amyloid positivity was associated with a complex pattern including greater restriction consistent with early reactive processes","Direction of diffusion change can be biphasic, not simply degeneration","established prior art","Cross-sectional mechanistic interpretation; preclinical stage only"
"2022","Diffusion tensor tractography of the fornix in cerebral amyloid angiopathy, mild cognitive impairment and Alzheimer's disease","NeuroImage: Clinical","https://doi.org/10.1016/j.nicl.2022.103002","primary cross-sectional differential-diagnosis study","68 controls, 32 CAA, 21 AD, 26 MCI","DTI and FLAIR","high-resolution fornix tractography","Fornix diffusivity was greatest in AD and CAA, while MCI did not differ from controls; tract volume was lower across clinical groups","Fornix findings are neither AD-specific nor uniformly present in MCI","novelty guardrail","Two centers and clinical diagnoses; residual partial volume possible"
"2022","Investigating Tissue-Specific Abnormalities in Alzheimer's Disease with Multi-Shell Diffusion MRI","Journal of Alzheimer's Disease","https://pmc.ncbi.nlm.nih.gov/articles/PMC9789487/","primary cross-sectional study","AD spectrum and controls","multi-shell dMRI","multi-tissue CSD with fixel, voxel and tensor morphometry","Fiber-specific and tissue-composition abnormalities extended beyond conventional DTI findings","Tissue-specific multilevel diffusion analysis is established","established prior art","Cross-sectional and modest cohort; no external replication"
"2022","Disentangling the effects of Alzheimer's and small vessel disease on white matter fibre tracts","Brain Communications","https://pmc.ncbi.nlm.nih.gov/articles/PMC9924910/","primary biomarker and disease-comparison study","387 participants including biomarker-defined AD and cerebral small-vessel disease","multi-shell dMRI","fixel-based analysis","AD and small-vessel disease produced distinguishable fiber-specific patterns","Any AD claim must account for vascular burden rather than treat all white-matter change as AD","established prior art","Observational group contrasts and disease comorbidity remain complex"
"2023","White Matter Degeneration Pathways Associated With Tau Deposition in Alzheimer Disease","Neurology","https://doi.org/10.1212/WNL.0000000000207250","primary biomarker-defined study","amyloid-positive adults from MCSA and ADRC","NODDI, amyloid PET and tau PET","regional white-matter pathway analysis","Tau deposition related to NODDI abnormalities in connected temporal and cingulum pathways and to cognition","Direct prior art for tau-linked tract microstructure","established prior art","Cross-sectional imaging cannot establish propagation direction"
"2024","Fixel-Based Analysis Reveals Tau-Related White Matter Changes in Early Stages of Alzheimer's Disease","Journal of Neuroscience","https://doi.org/10.1523/JNEUROSCI.0538-23.2024","primary biomarker-defined study","BioFINDER-2, approximately 393 participants","multi-shell dMRI and tau PET","fixel-based FD, FC and FDC with DTI comparison","Macrostructural fiber cross-section was related to tau and memory; DTI effects were broader but less pathology-specific","Direct prior art for tau-fixel-cognition linkage","established prior art","Cross-sectional mediation cannot prove causality"
"2024","White matter alterations and their associations with biomarkers and behavior in subjective cognitive decline individuals: a fixel-based analysis","Fluids and Barriers of the CNS","https://doi.org/10.1186/s12993-024-00238-x","primary preclinical study","SCD and controls","multi-shell dMRI and biomarkers","whole-brain fixel-based analysis","Fiber-specific changes in SCD related to biomarker and behavioral measures","Fixel abnormalities before MCI are prior art","established prior art","SCD is etiologically heterogeneous and cross-sectional"
"2025","NODDI-derived measures of microstructural integrity in medial temporal lobe white matter pathways are associated with Alzheimer's disease pathology and cognition","Imaging Neuroscience","https://doi.org/10.1162/IMAG.a.950","primary ADNI biomarker study","199 ADNI3 participants; tau PET n=135; amyloid PET n=146","NODDI, DTI, PET and cognition","medial-temporal tract ROI, mediation and random forest","NDI and ODI related more strongly than FA to tau, amyloid and memory; NDI partially mediated pathology-memory associations","Direct prior art for limbic NODDI-pathology-cognition integration","established prior art","Only 12 dementia cases; cross-sectional mediation and ADNI reuse"
"2025","Mapping Alzheimer's disease pathology using free water through integrated analysis of plasma biomarkers, microstructural DTI metrics, and macrostructural MRI measures","Alzheimer's Research & Therapy","https://pubmed.ncbi.nlm.nih.gov/40841382/","primary large-cohort multimodal study","968 participants across the AD continuum","free-water DTI, structural MRI and plasma p-tau217","association and mediation analysis","Plasma p-tau217 related to free water but not FA or MD; free water had direct and indirect cognitive associations","Direct prior art for plasma-pathology to diffusion to cognition integration","established prior art","Single health-system cohort and observational mediation"
"2025","Structure–function coupling using fixel-based analysis and functional magnetic resonance imaging in Alzheimer's disease and mild cognitive impairment","Network Neuroscience","https://doi.org/10.1162/netn_a_00461","primary ADNI multimodal study","ADNI MCI, AD and controls","multi-shell dMRI and resting-state fMRI","fixel-based structural connectome and structure-function coupling","Fixel-based structural connectivity revealed stage-related coupling alterations and cognitive associations","Direct prior art for combining fixels, connectomes and function","established prior art","ADNI reuse, cross-sectional analysis and published erratum"
"2025","Analysis of advanced diffusion models assessing white matter microstructure in Alzheimer's disease","Scientific Reports","https://doi.org/10.1038/s41598-025-09412-1","primary cross-sectional study","AD, aMCI and controls","DTI, NODDI and MAP-MRI","multi-model regional analysis","Advanced diffusion models identified complementary widespread abnormalities","Simply adding advanced diffusion models is no longer methodologically novel","established prior art","Single-center cross-sectional study without external validation"
"2010","Diffusion Tensor Tractography Reveals Abnormal Topological Organization in Structural Cortical Networks in Alzheimer's Disease","Journal of Neuroscience","https://doi.org/10.1523/JNEUROSCI.4136-10.2010","primary cross-sectional connectome study","25 AD, 30 controls","DTI tractography","whole-brain structural graph analysis","AD had longer shortest paths, lower global efficiency and frontal nodal-efficiency abnormalities while retaining small-world organization","Direct prior art for integration loss and path-length claims","established prior art","Small cohort, deterministic tensor tractography and density sensitivity"
"2012","Disrupted topological organization in white matter structural networks in amnestic mild cognitive impairment: relationship to subtype","Radiology","https://doi.org/10.1148/radiol.12112361","primary cross-sectional connectome study","18 single-domain aMCI, 20 multidomain aMCI, 36 controls","DTI tractography","whole-brain graph analysis","Global topology was more disrupted in multidomain than single-domain aMCI and related to cognition","MCI subtype and topology effects are established","established prior art","Small clinically defined subgroups and cross-sectional staging"
"2012","Prediction of Alzheimer's disease using individual structural connectivity networks","Neurobiology of Aging","https://doi.org/10.1016/j.neurobiolaging.2012.01.017","primary prognostic machine-learning study","AD, predementia AD-MCI and controls","dMRI tractography","individual connectomes with supervised classification","Individual structural networks distinguished AD and predementia cases from controls with high internal accuracy","Connectome-based individual diagnosis and prognosis predate modern GNNs","established prior art","Small cohort and likely optimistic internal validation"
"2013","Breakdown of Brain Connectivity Between Normal Aging and Alzheimer's Disease: A Structural k-Core Network Analysis","Brain Connectivity","https://doi.org/10.1089/brain.2012.0137","primary cross-sectional connectome study","ADNI controls, MCI and AD","dMRI tractography","k-core decomposition","Progressive loss involved network shells and core organization across the disease continuum","Core-periphery progression is established prior art","established prior art","Threshold and tractography choices influence k-core membership"
"2013","Disruption of cerebral networks and cognitive impairment in Alzheimer disease","Neurology","https://doi.org/10.1212/WNL.0b013e31828c2ee5","primary cross-sectional connectome study","50 early AD, 15 controls","DTI tractography and structural MRI","whole-brain graph metrics with cognitive regression","Lower local efficiency related to memory and executive deficits and added explanatory variance beyond atrophy and small-vessel markers","Direct prior art for topology-cognition relationships","established prior art","Small control group and observational regression"
"2013","Alzheimer's Disease Disrupts Rich Club Organization in Brain Connectivity Networks","IEEE ISBI","https://doi.org/10.1109/ISBI.2013.6556463","primary conference study","22 AD, 44 controls","dMRI tractography","rich-club analysis","AD had lower degree yet a higher normalized rich-club coefficient at some thresholds because edge loss changed normalization","A directionally higher rich-club coefficient can be a density artifact, not compensation","novelty guardrail","Short conference paper and threshold-dependent metric"
"2014","The Alzheimer Structural Connectome: Changes in Cortical Network Topology with Increased Amyloid Plaque Burden","Radiology","https://doi.org/10.1148/radiol.14132593","primary ADNI biomarker study","102 ADNI2 participants with DTI and florbetapir PET","DTI tractography, amyloid PET and structural MRI","regional graph topology and amyloid associations","Structural topology differed across CN, MCI and AD and related to amyloid burden","Direct prior art for amyloid-connectome topology","established prior art","Cross-sectional ADNI snapshot and regional multiple testing"
"2015","Rich Club Analysis in the Alzheimer's Disease Connectome Reveals a Relatively Undisturbed Structural Core Network","Human Brain Mapping","https://doi.org/10.1002/hbm.22830","primary ADNI connectome study","50 controls, 110 MCI, 42 AD","dMRI tractography","rich-club, feeder and peripheral edge analysis","Disease effects were often greater in lower-degree and peripheral connections than in the structural core","Direct prior art against a simple selective hub-vulnerability story","established prior art","Rich-club definition, thresholding and ADNI cohort reuse"
"2015","Brain connectivity and novel network measures for Alzheimer's disease classification","Neurobiology of Aging","https://doi.org/10.1016/j.neurobiolaging.2014.04.037","primary ADNI machine-learning study","200 ADNI participants: 50 CN, 74 early MCI, 38 late MCI, 38 AD","dMRI tractography","flow-inspired network measures and SVM","Structural connectivity and novel graph features supported multistage classification","Graph-feature machine learning on ADNI is established","established prior art","Proof-of-concept internal cross-validation and cohort reuse"
"2016","Global Efficiency of Structural Networks Mediates Cognitive Control in Mild Cognitive Impairment","Frontiers in Aging Neuroscience","https://doi.org/10.3389/fnagi.2016.00292","primary cross-sectional mediation study","older controls and MCI","dMRI tractography","tract microstructure, global graph topology and mediation","Reduced global efficiency and clustering partly mediated cingulum-microstructure associations with cognitive control","Direct prior art for tract-to-topology-to-cognition mediation","established prior art","Cross-sectional mediation does not prove causal sequence"
"2018","Stability of graph theoretical measures in structural brain networks in Alzheimer's disease","Scientific Reports","https://doi.org/10.1038/s41598-018-29927-0","primary methodological AD study","293 AD and 293 controls","structural MRI covariance networks","graph stability across thresholds and subsamples","Graph conclusions varied with construction choices; some measures were more stable than others","A robustness audit is required before treating a dashboard metric as biological","methodological prior art","Uses morphometric covariance rather than subject-level dMRI connectomes"
"2018","Rich club disturbances of the human connectome from subjective cognitive decline to Alzheimer's disease","Theranostics","https://doi.org/10.7150/thno.23772","primary continuum connectome study","62 CN, 47 SCD, 60 aMCI, 55 AD","DTI tractography","rich-club, feeder and local connection analysis","Peripheral and feeder connections were affected earlier, with rich-club connections more involved in aMCI and AD","Direct prior art for stage-dependent core-periphery progression","established prior art","Clinical staging, age differences and cross-sectional inference"
"2018","Distinct Patterns of Rich Club Organization in Alzheimer's Disease and Subcortical Vascular Dementia: A White Matter Network Study","Journal of Alzheimer's Disease","https://pubmed.ncbi.nlm.nih.gov/29710719/","primary biomarker differential-diagnosis study","30 amyloid-positive AD, 39 amyloid-negative subcortical vascular dementia, 72 CN","DTI tractography and amyloid PET","rich-club, feeder and local analysis","AD and vascular dementia showed different rich-club disruption patterns","Vascular disease can mimic but reorganize networks differently; vascular adjustment is essential","established prior art","Cross-sectional and diagnosis-specific sampling"
"2018","Metastable neural dynamics in Alzheimer's disease are disrupted by lesions to the structural connectome","NeuroImage","https://doi.org/10.1016/j.neuroimage.2018.08.033","primary computational-mechanism study","AD spectrum and controls","dMRI structural connectome and resting-state fMRI","subject-specific network lesioning and dynamical modeling","Structural lesions around hubs and default-mode regions reduced simulated metastability and related to cognition","Network dynamics provides a prior mechanistic bridge beyond graph summaries","established prior art","Causal language is model-based; lesion definition included liberal tractwise thresholds"
"2018","Changes in functional and structural brain connectome along the Alzheimer's disease continuum","Molecular Psychiatry","https://doi.org/10.1038/s41380-018-0067-8","primary longitudinal multimodal connectome study","controls, stable aMCI, converter aMCI and AD","dMRI, resting-state fMRI and structural MRI","structural and functional graph analysis with conversion groups","Connectome disruption differed across stable and converter MCI and related to the distribution of atrophy","Multimodal continuum and conversion analysis is established","established prior art","Multiple modalities and cohort stratification reduce effective power"
"2019","Identifying Brain Connectivity Using Network-Based Statistics in Amnestic Mild Cognitive Impairment Stratified by β-Amyloid Positivity","American Journal of Alzheimer's Disease & Other Dementias","https://doi.org/10.1177/1533317518813556","primary biomarker NBS study","35 amyloid-negative CN, 42 amyloid-negative aMCI, 39 amyloid-positive aMCI","DTI tractography and amyloid PET","AAL connectome and network-based statistic","Amyloid-positive aMCI showed medial frontal disruption, but no NBS component separated amyloid-positive from amyloid-negative aMCI","NBS and amyloid-stratified MCI are prior art; null contrasts also matter","established prior art","Small clinical groups, deterministic DTI and threshold dependence"
"2019","Communicability disruption in Alzheimer's disease connectivity networks","Journal of Complex Networks","https://doi.org/10.1093/comnet/cny009","primary connectome study","52 controls, 40 AD, 30 MCI converters","DTI tractography","matrix-exponential communicability analysis","Communicability captured distributed loss beyond shortest paths in AD and converter MCI","Direct novelty killer for a communicability-based claim","established prior art","Single cohort and graph construction sensitivity"
"2019","Prediction of Conversion From Amnestic Mild Cognitive Impairment to Alzheimer's Disease Based on the Brain Structural Connectome","Frontiers in Neurology","https://doi.org/10.3389/fneur.2018.01178","primary longitudinal machine-learning study","52 aMCI and 26 controls; converters versus non-converters","DTI tractography","graph features and SVM","Default-mode structural disruption was more severe in converters; internal converter classification reached about 81 percent","Conversion prediction from topology is established prior art","established prior art","Small converter sample and no external validation"
"2019","Connectome-wide network analysis of white matter connectivity in Alzheimer's disease","NeuroImage: Clinical","https://doi.org/10.1016/j.nicl.2019.101690","primary continuum connectome study","161 CN, stable MCI, converter MCI and AD","DTI tractography","multivariate distance-matrix regression and discriminant analysis","Disease-related seed networks expanded with severity; nine regions distinguished CN, converter MCI and AD","Connectome-wide edge signatures and limbic-subcortical findings are established","established prior art","Cross-sectional baseline with modest subgroups and internal discrimination"
"2019","Multiparametric graph theoretical analysis reveals altered structural and functional network topology in Alzheimer's disease","NeuroImage: Clinical","https://doi.org/10.1016/j.nicl.2019.101680","primary multimodal study","27 controls, 23 MCI, 23 AD before QC","DTI and resting-state fMRI","FA, streamline count, inverse diffusivity and functional edge definitions","Limbic, prefrontal and occipital topology varied by edge definition; tract diffusivities were often more interpretable than counts","Direct prior art for integrating FA, MD, RD, axial diffusivity and graph metrics","established prior art","Small single-site cohort; age and education differed among groups"
"2019","Disrupted structural and functional brain networks in Alzheimer's disease","Neurobiology of Aging","https://doi.org/10.1016/j.neurobiolaging.2018.11.005","primary multimodal connectome study","AD and controls","DTI and resting-state fMRI","structural and functional graph analysis","AD showed related but nonidentical structural and functional network disruption","An SC-FC story is established and should not conflate modalities","established prior art","Cross-sectional and modality-specific preprocessing choices"
"2019","Effects of Brain Parcellation on the Characterization of Topological Deterioration in Alzheimer's Disease","Frontiers in Aging Neuroscience","https://doi.org/10.3389/fnagi.2019.00113","primary methodological AD study","ADNI AD spectrum","dMRI structural connectomes","four atlas and scale comparisons","Which graph measures separated groups changed materially across parcellations","Any proposed signature requires cross-atlas sensitivity analysis","methodological prior art","ADNI-only and a limited atlas set"
"2020","Abnormal Anatomical Rich-Club Organization and Structural–Functional Coupling in Mild Cognitive Impairment and Alzheimer's Disease","Frontiers in Neurology","https://doi.org/10.3389/fneur.2020.00053","primary multimodal connectome study","CN, MCI and AD","dMRI and resting-state fMRI","rich-club analysis and structural-functional coupling","Rich-club organization and coupling were abnormal across MCI and AD","Rich-club plus SC-FC coupling is established prior art","established prior art","Cross-sectional and sensitive to hub and threshold definitions"
"2020","Compensatory Brain Connection Discovery in Alzheimer's Disease","IEEE ISBI","https://doi.org/10.1109/ISBI45749.2020.9098440","primary conference validation study","public dMRI cohorts with replication databases","dMRI tractography","anti-correlated structural-edge pairs","Anti-correlated connections were proposed as compensatory pathways and validated across datasets","A generic compensation claim from inverse edge correlations is prior art","established prior art","Correlation is not neural compensation; conference-length report"
"2021","Disrupted Network Topology Contributed to Spatial Navigation Impairment in Patients With Mild Cognitive Impairment","Frontiers in Aging Neuroscience","https://doi.org/10.3389/fnagi.2021.630677","primary cognitive-connectome study","MCI and controls","dMRI tractography and navigation testing","graph topology and cognition associations","Topology disruption related to spatial-navigation impairment in MCI","Specific cognitive-domain links beyond memory are already studied","established prior art","Cross-sectional and clinically defined MCI"
"2021","Combined Support Vector Machine Classifier and Brain Structural Network Features for the Individual Classification of Amnestic Mild Cognitive Impairment and Subjective Cognitive Decline Patients","Frontiers in Aging Neuroscience","https://doi.org/10.3389/fnagi.2021.687927","primary machine-learning study","51 CN, 36 SCD, 51 aMCI","dMRI tractography","multi-kernel SVM using fiber-number, FA and MD connectomes","Combining edge definitions differentiated SCD and aMCI; MD-weighted frontal connections were informative","Multikernel classification across FN, FA and MD is established","established prior art","Single cohort and internal validation only"
"2022","Consistency of Graph Theoretical Measurements of Alzheimer's Disease Fiber Density Connectomes Across Multiple Parcellation Scales","IEEE BIBM","https://doi.org/10.1109/BIBM55620.2022.9995657","primary methodological AD study","ADNI CN, MCI and AD","DTI tractography","five Lausanne parcellation scales","Transitivity was most consistent; characteristic path length was highly scale-sensitive","Cross-scale replication is mandatory for topology claims","methodological prior art","Conference paper, ADNI-only and four global metrics"
"2023","Sex differences in the structural rich-club connectivity in patients with Alzheimer's disease","Frontiers in Aging Neuroscience","https://doi.org/10.3389/fnagi.2023.1209027","primary large biomarker study","260 amyloid-negative CN, 281 prodromal AD, 285 AD dementia","DTI, structural MRI and amyloid PET","sex-by-diagnosis rich-club analysis","Women with AD showed lower rich-club and feeder connectivity than men","Direct novelty killer for a sex-specific rich-club claim","established prior art","Cross-sectional and potential residual sex-related anatomy and scanner effects"
"2023","Structural Network Topology Reveals Higher Brain Resilience in Individuals with Preclinical Alzheimer's Disease","Brain Connectivity","https://doi.org/10.1089/brain.2023.0013","primary biomarker-defined preclinical study","68 cognitively normal: A-T-, A+T- and A+T+","dMRI, amyloid PET and tau PET","global and nodal topology","A+T+ cognitively normal participants showed higher assortativity without a global-efficiency difference, interpreted as resilience","Preclinical compensatory or resilient topology is already a candidate framework","established prior art","Small pathology strata and cross-sectional interpretation"
"2024","Multimodal imaging investigation of structural rich club alterations in Alzheimer's disease and mild cognitive impairment: Amyloid deposition, structural atrophy, and functional activation differences","European Journal of Neuroscience","https://doi.org/10.1111/ejn.16384","primary multimodal study","MCI, AD and controls","dMRI, longitudinal structural MRI, amyloid PET and meta-analytic function","rich-club and extended-core analyses","Rich-club regions showed accelerated atrophy and increased amyloid in MCI and AD","Direct prior art for multimodal hub vulnerability","established prior art","Some functional evidence was meta-analytic rather than subject-specific"
"2024","A novel method for PET connectomics guided by fibre-tracking MRI: Application to Alzheimer's disease","Human Brain Mapping","https://doi.org/10.1002/hbm.26659","primary method application","ADNI HC, EMCI, LMCI and AD","tau PET, dMRI and T1 MRI","SIFT2 structural connectome, track-weighted PET and NBS","Structural connectivity decreased from LMCI onward while tau-weighted connectivity increased from EMCI; limbic edges recurred","Direct novelty killer for SIFT2 plus tau-PET edge weighting and NBS","established prior art","Novel edge measure needs independent biological validation; ADNI reuse"
"2024","Structural white matter connectivity differences independent of gray matter loss in mild cognitive impairment with neuropsychiatric symptoms: Early indicators of Alzheimer's disease using network-based statistics","Journal of Alzheimer's Disease","https://doi.org/10.1177/13872877241288710","primary ADNI NBS study","ADNI MCI with and without neuropsychiatric symptoms","dMRI and structural MRI","NBS adjusted for gray-matter loss","White-matter subnetworks differed with neuropsychiatric symptoms independently of gray-matter loss","NBS subnetwork claims must be specific because symptom-stratified work exists","established prior art","Cross-sectional ADNI analysis and primary-threshold dependence"
"2025","Integrating individualized connectome with amyloid pathology improves predictive modeling of future cognitive decline","Communications Medicine","https://doi.org/10.1038/s43856-025-01170-5","primary longitudinal externally validated study","77 discovery participants and 72 ADNI3 external participants","subject-specific dMRI connectome, amyloid PET, tau PET and cognition","connectome-informed pathology features with repeated cross-validation and external testing","Individual structural-connectome-weighted amyloid improved prediction of future cognition and partially generalized across cohorts","Direct novelty killer for individualized connectome plus amyloid plus external prediction","established prior art","Small cohorts, some outcomes failed external validation and no multiplicity correction for selected follow-ups"
"2010","Complex network measures of brain connectivity: Uses and interpretations","NeuroImage","https://doi.org/10.1016/j.neuroimage.2009.10.003","network-methods review","not applicable","structural and functional connectivity","definitions and interpretation of graph measures","Established how segregation, integration, centrality and resilience measures should be interpreted","Required foundation for any graph-theory claim","methodological prior art","Generic framework rather than an AD-specific validation"
"2010","Network-based statistic: Identifying differences in brain networks","NeuroImage","https://doi.org/10.1016/j.neuroimage.2010.06.041","primary statistical-method paper","simulation and neuroimaging examples","connectivity matrices","connected-component family-wise-error control","NBS controls component-level family-wise error while exploiting connected effects","Critical for interpreting significant subnetworks; significance attaches to the component, not each edge","methodological prior art","Inference depends on the chosen primary threshold and does not localize individually significant edges"
"2010","Comparing brain networks of different size and connectivity density using graph theory","PLoS ONE","https://doi.org/10.1371/journal.pone.0013701","primary methodological study","simulations and empirical networks","graph data","density and size sensitivity analyses","Many graph metrics change systematically with network size and density","Density-matched or cost-integrated sensitivity analysis is required","methodological prior art","Does not prescribe one universally optimal normalization"
"2012","Anatomically constrained tractography: Improved diffusion MRI streamlines tractography through effective use of anatomical information","NeuroImage","https://doi.org/10.1016/j.neuroimage.2012.06.005","primary tractography-method paper","method validation datasets","T1 MRI and dMRI","ACT","Anatomical tissue constraints reduce biologically implausible streamline trajectories","MRtrix ACT is established methodology and not a biological novelty","methodological prior art","Accuracy still depends on registration, segmentation and tractography parameters"
"2012","A network diffusion model of disease progression in dementia","Neuron","https://doi.org/10.1016/j.neuron.2011.12.040","primary computational disease-model study","patient atrophy data with a healthy structural-connectome template","structural MRI and normative dMRI connectome","network diffusion model","A simple diffusion process on the structural network reproduced characteristic regional atrophy patterns","Network-mediated AD spread has been formalized for more than a decade","established prior art","Template connectome and regional atrophy cannot demonstrate individual axonal propagation"
"2013","White matter integrity, fiber count, and other fallacies: The do's and don'ts of diffusion MRI","NeuroImage","https://doi.org/10.1016/j.neuroimage.2012.06.081","critical methods review","not applicable","diffusion MRI","biophysical interpretation audit","FA, MD, streamline count and related measures are nonspecific and can reflect multiple tissue or modeling factors","Prevents mechanistic over-interpretation of FA or streamline-weight changes","methodological prior art","Conceptual guidance rather than a complete generative tissue model"
"2014","Spurious group differences due to head motion in a diffusion MRI study","NeuroImage","https://doi.org/10.1016/j.neuroimage.2013.11.027","primary methodological study","healthy and clinical-style group comparisons","dMRI","motion-bias experiments","Residual head-motion differences can create apparent diffusion group effects","Motion summaries and sensitivity analyses are mandatory in CN-MCI-AD comparisons","methodological prior art","Correction procedures and acquisition technology have evolved since publication"
"2014","Anatomical accuracy of brain connections derived from diffusion MRI tractography is inherently limited","Proceedings of the National Academy of Sciences","https://doi.org/10.1073/pnas.1405672111","primary tractography-validation study","ex vivo macaque tracer benchmark","diffusion MRI and invasive tracers","tractography-versus-tracer validation","Diffusion tractography showed fundamental limits in recovering true anatomical connectivity","A connectome edge is an algorithm-dependent estimate, not a verified axonal connection","methodological prior art","Nonhuman ex vivo benchmark and tractography methods continue to improve"
"2014","Multi-tissue constrained spherical deconvolution for improved analysis of multi-shell diffusion MRI data","NeuroImage","https://doi.org/10.1016/j.neuroimage.2014.07.061","primary diffusion-method paper","method-development datasets","multi-shell dMRI","multi-shell multi-tissue CSD","Separating tissue response functions improves fiber-orientation estimation in partial-volume regions","Advanced CSD is established pipeline methodology","methodological prior art","Requires suitable acquisition and accurate response-function estimation"
"2015","SIFT2: Enabling dense quantitative assessment of brain white matter connectivity using streamlines tractography","NeuroImage","https://doi.org/10.1016/j.neuroimage.2015.06.092","primary tractography-method paper","method-development and validation datasets","CSD tractography","SIFT2 streamline weighting","Per-streamline weights improve agreement between tractography and fiber-density information","SIFT2-weighted connectomes are established and are not intrinsically quantitative axon counts","methodological prior art","Weights remain model dependent and do not solve all false-positive tractography"
"2015","Overcoming the effects of false positives and threshold bias in graph theoretical analyses of neuroimaging data","NeuroImage","https://doi.org/10.1016/j.neuroimage.2015.05.011","primary methodological study","simulated and empirical neuroimaging networks","structural and functional network data","false-positive and threshold-bias analysis","False positives and threshold choice can materially distort graph measures and group comparisons","Any topology finding requires a prespecified threshold strategy and robustness curve","methodological prior art","No single thresholding strategy resolves every network-construction bias"
"2015","Test-retest reproducibility of the structural connectome over multiple parcellation scales","Frontiers in Neuroinformatics","https://pmc.ncbi.nlm.nih.gov/articles/PMC4557836/","primary reproducibility study","repeat-scan healthy participants","dMRI tractography","multi-scale connectome reproducibility","Reproducibility differs by parcellation scale, edge weight and metric","Edge and graph conclusions should be tested across construction choices","methodological prior art","Healthy repeat scans do not capture disease-specific motion or atrophy"
"2015","Network diffusion model of progression predicts longitudinal patterns of atrophy and metabolism in Alzheimer's disease","Cell Reports","https://doi.org/10.1016/j.celrep.2014.12.034","primary longitudinal computational study","ADNI longitudinal imaging","structural MRI, FDG PET and normative connectome","network diffusion modeling","Baseline network-diffusion predictions tracked later atrophy and hypometabolism patterns","Longitudinal network-spread prediction is established prior art","established prior art","Uses a template connectome and population-level patterns rather than subject-specific tract injury"
"2017","The challenge of mapping the human connectome based on diffusion tractography","Nature Communications","https://doi.org/10.1038/s41467-017-01285-x","large international tractography benchmark","96 international tractography pipelines on a realistic phantom","diffusion tractography","blind connectome reconstruction challenge","Most pipelines produced many false-positive bundles and no method solved sensitivity-specificity tradeoffs","Strong caution against treating all detected edges as anatomical truth","methodological prior art","Phantom anatomy and signal cannot reproduce every in-vivo disease effect"
"2017","Investigating white matter fibre density and morphology using fixel-based analysis","NeuroImage","https://doi.org/10.1016/j.neuroimage.2016.09.029","primary methods framework","methodological examples","high-angular-resolution dMRI","fiber-population-specific analysis","Fixel metrics permit fiber-specific inference in crossing-fiber voxels","FBA is established and can strengthen specificity beyond voxelwise FA","methodological prior art","Biological interpretation still depends on acquisition, modeling and registration"
"2017","Harmonization of multi-site diffusion tensor imaging data","NeuroImage","https://doi.org/10.1016/j.neuroimage.2017.08.047","primary harmonization-method study","multi-site dMRI datasets","DTI","ComBat harmonization","ComBat removed scanner effects while preserving biological covariates in regional DTI measures","Site harmonization is required for pooled diagnostic analyses","methodological prior art","Basic ComBat assumes specified covariates and may not handle nonlinear or spatially complex scanner effects"
"2018","Structural tract alterations predict downstream tau accumulation in amyloid-positive older individuals","Nature Neuroscience","https://doi.org/10.1038/s41593-018-0070-z","primary longitudinal pathology study","amyloid-positive older adults with longitudinal tau PET","dMRI, amyloid PET, tau PET and cognition","hippocampal-cingulum diffusivity and connectivity analyses","Higher diffusivity in hippocampal output tracts predicted later connected-neocortical tau accumulation and memory decline","Direct novelty killer for a generic limbic-tract-to-tau-to-memory mechanism","established prior art","Modest cohort and observational mediation cannot prove trans-neuronal spread"
"2018","Limits to anatomical accuracy of diffusion tractography using modern approaches","NeuroImage","https://doi.org/10.1016/j.neuroimage.2018.10.029","primary validation study","tracer-informed nonhuman-primate data","dMRI and invasive tracers","modern tractography validation","Modern algorithms remained limited by false positives and incomplete recovery of known pathways","Pipeline sophistication does not eliminate anatomical uncertainty","methodological prior art","Nonhuman validation and specific acquisition protocols"
"2019","MRtrix3: A fast, flexible and open software framework for medical image processing and visualisation","NeuroImage","https://doi.org/10.1016/j.neuroimage.2019.116137","software-method paper","not applicable","diffusion MRI and MRI","MRtrix3 framework","Documented the widely used open-source implementation for CSD, tractography and connectomics","Using MRtrix3 is implementation provenance, not novelty","methodological prior art","Software flexibility increases the need to report every parameter and version"
"2019","Connectomes from streamlines tractography: Assigning streamlines to brain parcellations is not trivial but highly consequential","NeuroImage","https://doi.org/10.1016/j.neuroimage.2019.05.005","primary methodological study","in-house and Human Connectome Project data","diffusion tractography","streamline-to-node assignment comparison","Minor assignment changes altered pairwise connectivity, modules and graph metrics","Node-assignment and construction sensitivity are central to biological claims","methodological prior art","No single assignment solution guarantees anatomical ground truth"
"2019","Graph convolutional neural networks for Alzheimer's disease classification","IEEE International Symposium on Biomedical Imaging","https://doi.org/10.1109/ISBI.2019.8759531","primary machine-learning conference study","ADNI diagnostic groups","dMRI structural connectomes","graph convolutional neural network","A graph neural network classified AD-related groups using structural-connectome topology","Direct novelty killer for a generic GNN-on-DTI-connectome claim","established prior art","Conference-scale study with limited external validation and interpretability"
"2020","Explainable Brain Disease Classification and Relevance-Guided Deep Learning","Proceedings of Machine Learning Research: MIDL","https://proceedings.mlr.press/v121/essemlali20a.html","primary machine-learning conference study","ADNI structural connectomes","dMRI tractography","BrainNetCNN with relevance-guided explainability","Connectome-specific deep learning produced diagnoses and edge-level relevance maps","Explainable connectome classification is established","established prior art","Saliency is not causal and validation was dataset-limited"
"2021","Longitudinal predictive modeling of tau progression along the structural connectome","NeuroImage","https://doi.org/10.1016/j.neuroimage.2021.118126","primary longitudinal pathology-model study","longitudinal tau-PET cohort","tau PET and structural-connectome model","personalized network diffusion modeling","Structural-connectome-constrained models predicted longitudinal regional tau progression","Direct prior art for connectome-based tau-spread prediction","established prior art","Model predictions depend on the connectome template or estimation and assumed diffusion dynamics"
"2021","Deep fusion of brain structure-function in mild cognitive impairment","Medical Image Analysis","https://doi.org/10.1016/j.media.2021.102082","primary machine-learning study","MCI and control neuroimaging cohort","structural and functional connectivity","deep multimodal structure-function fusion","Joint connectivity representations improved MCI classification over single modalities","Multimodal deep fusion is established","established prior art","Classification performance does not itself reveal disease mechanism; external transportability limited"
"2023","Whole-brain modeling of the differential influences of amyloid-beta and tau in Alzheimer's disease","Alzheimer's Research & Therapy","https://doi.org/10.1186/s13195-023-01349-9","primary whole-brain modeling study","ADNI biomarker and neuroimaging data","MRI, amyloid PET, tau PET and connectome-informed simulation","whole-brain dynamic modeling","The fitted model suggested greater amyloid influence in MCI and greater tau influence in AD on excitation-inhibition dynamics","A generic whole-brain mechanistic-network framing is already occupied","established prior art","Model identifiability and causal interpretation remain challenging"
"2023","Alzheimer's Disease Prediction via Brain Structural-Functional Deep Fusing Network","IEEE Transactions on Neural Systems and Rehabilitation Engineering","https://doi.org/10.1109/TNSRE.2023.3333952","primary machine-learning study","ADNI diagnostic groups","DTI and functional MRI","cross-modal transformer generative adversarial network","CT-GAN fused structural and functional connectivity for AD-stage prediction and highlighted influential connections","Transformers and cross-modal imaging fusion are established","established prior art","Generative fidelity and internal diagnostic accuracy do not establish biological novelty"
"2024","Information leakage inflates prediction performance in connectome-based machine learning","Nature Communications","https://doi.org/10.1038/s41467-024-46150-w","primary methodological study","large neuroimaging prediction benchmarks","connectome and phenotypic data","leakage experiments across preprocessing and cross-validation","Data leakage can markedly inflate connectome prediction performance","All preprocessing, feature selection, harmonization and tuning must occur within subject-level training folds","methodological prior art","Exact leakage modes differ across datasets and pipelines"
"2024","Multi-Modal Graph Neural Network with Transformer-Guided Adaptive Diffusion for Preclinical Alzheimer Classification","Medical Image Computing and Computer Assisted Intervention","https://doi.org/10.1007/978-3-031-72086-4_48","primary machine-learning conference study","preclinical Alzheimer classification cohort","white-matter connectome, structural MRI and PET-derived features","graph neural network with transformer-guided adaptive diffusion","Short- and long-range graph information from multiple modalities improved preclinical AD classification and highlighted candidate ROIs","Direct novelty killer for a generic multimodal GNN-transformer claim","established prior art","Conference study and limited evidence of external clinical transportability"
"2025","Synaptic loss pattern is constrained by brain connectome and modulated by phosphorylated tau in Alzheimer's disease","Nature Communications","https://doi.org/10.1038/s41467-025-61497-4","primary multimodal pathology study","54 amyloid-negative controls and 91 amyloid-positive participants","SV2A PET, amyloid PET, plasma p-tau and normative connectome","epicenter-connectivity and longitudinal synaptic-loss modeling","Synaptic loss patterns were partially constrained by network topology and modulated by p-tau181","Connectome-constrained downstream injury is already demonstrated beyond dMRI","established prior art","Mostly normative functional connectivity, only 18 longitudinal cases and observational inference"
