node,node_name,atlas_label,atlas_value,atlas_version
1,AAL_001,Precentral_L,1,AAL3v1/AAL3v2 labels
2,AAL_002,Precentral_R,2,AAL3v1/AAL3v2 labels
3,AAL_003,Frontal_Sup_2_L,3,AAL3v1/AAL3v2 labels
4,AAL_004,Frontal_Sup_2_R,4,AAL3v1/AAL3v2 labels
5,AAL_005,Frontal_Mid_2_L,5,AAL3v1/AAL3v2 labels
6,AAL_006,Frontal_Mid_2_R,6,AAL3v1/AAL3v2 labels
7,AAL_007,Frontal_Inf_Oper_L,7,AAL3v1/AAL3v2 labels
8,AAL_008,Frontal_Inf_Oper_R,8,AAL3v1/AAL3v2 labels
9,AAL_009,Frontal_Inf_Tri_L,9,AAL3v1/AAL3v2 labels
10,AAL_010,Frontal_Inf_Tri_R,10,AAL3v1/AAL3v2 labels
11,AAL_011,Frontal_Inf_Orb_2_L,11,AAL3v1/AAL3v2 labels
12,AAL_012,Frontal_Inf_Orb_2_R,12,AAL3v1/AAL3v2 labels
13,AAL_013,Rolandic_Oper_L,13,AAL3v1/AAL3v2 labels
14,AAL_014,Rolandic_Oper_R,14,AAL3v1/AAL3v2 labels
15,AAL_015,Supp_Motor_Area_L,15,AAL3v1/AAL3v2 labels
16,AAL_016,Supp_Motor_Area_R,16,AAL3v1/AAL3v2 labels
17,AAL_017,Olfactory_L,17,AAL3v1/AAL3v2 labels
18,AAL_018,Olfactory_R,18,AAL3v1/AAL3v2 labels
19,AAL_019,Frontal_Sup_Medial_L,19,AAL3v1/AAL3v2 labels
20,AAL_020,Frontal_Sup_Medial_R,20,AAL3v1/AAL3v2 labels
21,AAL_021,Frontal_Med_Orb_L,21,AAL3v1/AAL3v2 labels
22,AAL_022,Frontal_Med_Orb_R,22,AAL3v1/AAL3v2 labels
23,AAL_023,Rectus_L,23,AAL3v1/AAL3v2 labels
24,AAL_024,Rectus_R,24,AAL3v1/AAL3v2 labels
25,AAL_025,OFCmed_L,25,AAL3v1/AAL3v2 labels
26,AAL_026,OFCmed_R,26,AAL3v1/AAL3v2 labels
27,AAL_027,OFCant_L,27,AAL3v1/AAL3v2 labels
28,AAL_028,OFCant_R,28,AAL3v1/AAL3v2 labels
29,AAL_029,OFCpost_L,29,AAL3v1/AAL3v2 labels
30,AAL_030,OFCpost_R,30,AAL3v1/AAL3v2 labels
31,AAL_031,OFClat_L,31,AAL3v1/AAL3v2 labels
32,AAL_032,OFClat_R,32,AAL3v1/AAL3v2 labels
33,AAL_033,Insula_L,33,AAL3v1/AAL3v2 labels
34,AAL_034,Insula_R,34,AAL3v1/AAL3v2 labels
35,AAL_037,Cingulate_Mid_L,37,AAL3v1/AAL3v2 labels
36,AAL_038,Cingulate_Mid_R,38,AAL3v1/AAL3v2 labels
37,AAL_039,Cingulate_Post_L,39,AAL3v1/AAL3v2 labels
38,AAL_040,Cingulate_Post_R,40,AAL3v1/AAL3v2 labels
39,AAL_041,Hippocampus_L,41,AAL3v1/AAL3v2 labels
40,AAL_042,Hippocampus_R,42,AAL3v1/AAL3v2 labels
41,AAL_043,ParaHippocampal_L,43,AAL3v1/AAL3v2 labels
42,AAL_044,ParaHippocampal_R,44,AAL3v1/AAL3v2 labels
43,AAL_045,Amygdala_L,45,AAL3v1/AAL3v2 labels
44,AAL_046,Amygdala_R,46,AAL3v1/AAL3v2 labels
45,AAL_047,Calcarine_L,47,AAL3v1/AAL3v2 labels
46,AAL_048,Calcarine_R,48,AAL3v1/AAL3v2 labels
47,AAL_049,Cuneus_L,49,AAL3v1/AAL3v2 labels
48,AAL_050,Cuneus_R,50,AAL3v1/AAL3v2 labels
49,AAL_051,Lingual_L,51,AAL3v1/AAL3v2 labels
50,AAL_052,Lingual_R,52,AAL3v1/AAL3v2 labels
51,AAL_053,Occipital_Sup_L,53,AAL3v1/AAL3v2 labels
52,AAL_054,Occipital_Sup_R,54,AAL3v1/AAL3v2 labels
53,AAL_055,Occipital_Mid_L,55,AAL3v1/AAL3v2 labels
54,AAL_056,Occipital_Mid_R,56,AAL3v1/AAL3v2 labels
55,AAL_057,Occipital_Inf_L,57,AAL3v1/AAL3v2 labels
56,AAL_058,Occipital_Inf_R,58,AAL3v1/AAL3v2 labels
57,AAL_059,Fusiform_L,59,AAL3v1/AAL3v2 labels
58,AAL_060,Fusiform_R,60,AAL3v1/AAL3v2 labels
59,AAL_061,Postcentral_L,61,AAL3v1/AAL3v2 labels
60,AAL_062,Postcentral_R,62,AAL3v1/AAL3v2 labels
61,AAL_063,Parietal_Sup_L,63,AAL3v1/AAL3v2 labels
62,AAL_064,Parietal_Sup_R,64,AAL3v1/AAL3v2 labels
63,AAL_065,Parietal_Inf_L,65,AAL3v1/AAL3v2 labels
64,AAL_066,Parietal_Inf_R,66,AAL3v1/AAL3v2 labels
65,AAL_067,SupraMarginal_L,67,AAL3v1/AAL3v2 labels
66,AAL_068,SupraMarginal_R,68,AAL3v1/AAL3v2 labels
67,AAL_069,Angular_L,69,AAL3v1/AAL3v2 labels
68,AAL_070,Angular_R,70,AAL3v1/AAL3v2 labels
69,AAL_071,Precuneus_L,71,AAL3v1/AAL3v2 labels
70,AAL_072,Precuneus_R,72,AAL3v1/AAL3v2 labels
71,AAL_073,Paracentral_Lobule_L,73,AAL3v1/AAL3v2 labels
72,AAL_074,Paracentral_Lobule_R,74,AAL3v1/AAL3v2 labels
73,AAL_075,Caudate_L,75,AAL3v1/AAL3v2 labels
74,AAL_076,Caudate_R,76,AAL3v1/AAL3v2 labels
75,AAL_077,Putamen_L,77,AAL3v1/AAL3v2 labels
76,AAL_078,Putamen_R,78,AAL3v1/AAL3v2 labels
77,AAL_079,Pallidum_L,79,AAL3v1/AAL3v2 labels
78,AAL_080,Pallidum_R,80,AAL3v1/AAL3v2 labels
79,AAL_083,Heschl_L,83,AAL3v1/AAL3v2 labels
80,AAL_084,Heschl_R,84,AAL3v1/AAL3v2 labels
81,AAL_085,Temporal_Sup_L,85,AAL3v1/AAL3v2 labels
82,AAL_086,Temporal_Sup_R,86,AAL3v1/AAL3v2 labels
83,AAL_087,Temporal_Pole_Sup_L,87,AAL3v1/AAL3v2 labels
84,AAL_088,Temporal_Pole_Sup_R,88,AAL3v1/AAL3v2 labels
85,AAL_089,Temporal_Mid_L,89,AAL3v1/AAL3v2 labels
86,AAL_090,Temporal_Mid_R,90,AAL3v1/AAL3v2 labels
87,AAL_091,Temporal_Pole_Mid_L,91,AAL3v1/AAL3v2 labels
88,AAL_092,Temporal_Pole_Mid_R,92,AAL3v1/AAL3v2 labels
89,AAL_093,Temporal_Inf_L,93,AAL3v1/AAL3v2 labels
90,AAL_094,Temporal_Inf_R,94,AAL3v1/AAL3v2 labels
91,AAL_095,Cerebellum_Crus1_L,95,AAL3v1/AAL3v2 labels
92,AAL_096,Cerebellum_Crus1_R,96,AAL3v1/AAL3v2 labels
93,AAL_097,Cerebellum_Crus2_L,97,AAL3v1/AAL3v2 labels
94,AAL_098,Cerebellum_Crus2_R,98,AAL3v1/AAL3v2 labels
95,AAL_099,Cerebellum_3_L,99,AAL3v1/AAL3v2 labels
96,AAL_100,Cerebellum_3_R,100,AAL3v1/AAL3v2 labels
97,AAL_101,Cerebellum_4_5_L,101,AAL3v1/AAL3v2 labels
98,AAL_102,Cerebellum_4_5_R,102,AAL3v1/AAL3v2 labels
99,AAL_103,Cerebellum_6_L,103,AAL3v1/AAL3v2 labels
100,AAL_104,Cerebellum_6_R,104,AAL3v1/AAL3v2 labels
101,AAL_105,Cerebellum_7b_L,105,AAL3v1/AAL3v2 labels
102,AAL_106,Cerebellum_7b_R,106,AAL3v1/AAL3v2 labels
103,AAL_107,Cerebellum_8_L,107,AAL3v1/AAL3v2 labels
104,AAL_108,Cerebellum_8_R,108,AAL3v1/AAL3v2 labels
105,AAL_109,Cerebellum_9_L,109,AAL3v1/AAL3v2 labels
106,AAL_110,Cerebellum_9_R,110,AAL3v1/AAL3v2 labels
107,AAL_111,Cerebellum_10_L,111,AAL3v1/AAL3v2 labels
108,AAL_112,Cerebellum_10_R,112,AAL3v1/AAL3v2 labels
109,AAL_113,Vermis_1_2,113,AAL3v1/AAL3v2 labels
110,AAL_114,Vermis_3,114,AAL3v1/AAL3v2 labels
111,AAL_115,Vermis_4_5,115,AAL3v1/AAL3v2 labels
112,AAL_116,Vermis_6,116,AAL3v1/AAL3v2 labels
113,AAL_117,Vermis_7,117,AAL3v1/AAL3v2 labels
114,AAL_118,Vermis_8,118,AAL3v1/AAL3v2 labels
115,AAL_119,Vermis_9,119,AAL3v1/AAL3v2 labels
116,AAL_120,Vermis_10,120,AAL3v1/AAL3v2 labels
117,AAL_121,Thal_AV_L,121,AAL3v1/AAL3v2 labels
118,AAL_122,Thal_AV_R,122,AAL3v1/AAL3v2 labels
119,AAL_123,Thal_LP_L,123,AAL3v1/AAL3v2 labels
120,AAL_124,Thal_LP_R,124,AAL3v1/AAL3v2 labels
121,AAL_125,Thal_VA_L,125,AAL3v1/AAL3v2 labels
122,AAL_126,Thal_VA_R,126,AAL3v1/AAL3v2 labels
123,AAL_127,Thal_VL_L,127,AAL3v1/AAL3v2 labels
124,AAL_128,Thal_VL_R,128,AAL3v1/AAL3v2 labels
125,AAL_129,Thal_VPL_L,129,AAL3v1/AAL3v2 labels
126,AAL_130,Thal_VPL_R,130,AAL3v1/AAL3v2 labels
127,AAL_131,Thal_IL_L,131,AAL3v1/AAL3v2 labels
128,AAL_132,Thal_IL_R,132,AAL3v1/AAL3v2 labels
129,AAL_133,Thal_Re_L,133,AAL3v1/AAL3v2 labels
130,AAL_134,Thal_Re_R,134,AAL3v1/AAL3v2 labels
131,AAL_135,Thal_MDm_L,135,AAL3v1/AAL3v2 labels
132,AAL_136,Thal_MDm_R,136,AAL3v1/AAL3v2 labels
133,AAL_137,Thal_MDl_L,137,AAL3v1/AAL3v2 labels
134,AAL_138,Thal_MDl_R,138,AAL3v1/AAL3v2 labels
135,AAL_139,Thal_LGN_L,139,AAL3v1/AAL3v2 labels
136,AAL_140,Thal_LGN_R,140,AAL3v1/AAL3v2 labels
137,AAL_141,Thal_MGN_L,141,AAL3v1/AAL3v2 labels
138,AAL_142,Thal_MGN_R,142,AAL3v1/AAL3v2 labels
139,AAL_143,Thal_PuI_L,143,AAL3v1/AAL3v2 labels
140,AAL_144,Thal_PuI_R,144,AAL3v1/AAL3v2 labels
141,AAL_145,Thal_PuM_L,145,AAL3v1/AAL3v2 labels
142,AAL_146,Thal_PuM_R,146,AAL3v1/AAL3v2 labels
143,AAL_147,Thal_PuA_L,147,AAL3v1/AAL3v2 labels
144,AAL_148,Thal_PuA_R,148,AAL3v1/AAL3v2 labels
145,AAL_149,Thal_PuL_L,149,AAL3v1/AAL3v2 labels
146,AAL_150,Thal_PuL_R,150,AAL3v1/AAL3v2 labels
147,AAL_151,ACC_sub_L,151,AAL3v1/AAL3v2 labels
148,AAL_152,ACC_sub_R,152,AAL3v1/AAL3v2 labels
149,AAL_153,ACC_pre_L,153,AAL3v1/AAL3v2 labels
150,AAL_154,ACC_pre_R,154,AAL3v1/AAL3v2 labels
151,AAL_155,ACC_sup_L,155,AAL3v1/AAL3v2 labels
152,AAL_156,ACC_sup_R,156,AAL3v1/AAL3v2 labels
153,AAL_157,N_Acc_L,157,AAL3v1/AAL3v2 labels
154,AAL_158,N_Acc_R,158,AAL3v1/AAL3v2 labels
155,AAL_159,VTA_L,159,AAL3v1/AAL3v2 labels
156,AAL_160,VTA_R,160,AAL3v1/AAL3v2 labels
157,AAL_161,SN_pc_L,161,AAL3v1/AAL3v2 labels
158,AAL_162,SN_pc_R,162,AAL3v1/AAL3v2 labels
159,AAL_163,SN_pr_L,163,AAL3v1/AAL3v2 labels
160,AAL_164,SN_pr_R,164,AAL3v1/AAL3v2 labels
161,AAL_165,Red_N_L,165,AAL3v1/AAL3v2 labels
162,AAL_166,Red_N_R,166,AAL3v1/AAL3v2 labels
163,AAL_167,LC_L,167,AAL3v1/AAL3v2 labels
164,AAL_168,LC_R,168,AAL3v1/AAL3v2 labels
165,AAL_169,Raphe_D,169,AAL3v1/AAL3v2 labels
166,AAL_170,Raphe_M,170,AAL3v1/AAL3v2 labels
